{"cameraMode":{"drawMode":0,"name":"Shaded","section":"Shading Mode"},"sceneLighting":true,"audioPlay":false,"sceneViewState":{"showFog":true,"showMaterialUpdate":false,"showSkybox":true,"showFlares":true,"showImageEffects":true,"showParticleSystems":true,"showVisualEffectGraphs":true,"m_FxEnabled":true},"in2DMode":false,"pivot":{"x":13.474715232849121,"y":4.99167013168335,"z":-0.45021963119506838},"rotation":{"x":0.13859422504901887,"y":-0.6937941312789917,"z":0.13875941932201386,"w":0.6929584741592407},"size":2.4053993225097658,"orthographic":true}