{"cameraMode":{"drawMode":0,"name":"Shaded","section":"Shading Mode"},"sceneLighting":true,"audioPlay":false,"sceneViewState":{"showFog":true,"showMaterialUpdate":false,"showSkybox":true,"showFlares":true,"showImageEffects":true,"showParticleSystems":true,"showVisualEffectGraphs":true,"m_FxEnabled":true},"in2DMode":false,"pivot":{"x":30.376157760620118,"y":11.474603652954102,"z":-1.4712786674499512},"rotation":{"x":0.11515811830759049,"y":-0.7334786653518677,"z":0.12847386300563813,"w":0.6574555039405823},"size":2.4402377605438234,"orthographic":true}