{"cameraMode":{"drawMode":0,"name":"Shaded","section":"Shading Mode"},"sceneLighting":true,"audioPlay":false,"sceneViewState":{"showFog":true,"showMaterialUpdate":false,"showSkybox":true,"showFlares":true,"showImageEffects":true,"showParticleSystems":true,"showVisualEffectGraphs":true,"m_FxEnabled":true},"in2DMode":false,"pivot":{"x":406.0115966796875,"y":212.9310760498047,"z":-6.975666522979736},"rotation":{"x":0.031494636088609698,"y":-0.0023967018350958826,"z":0.00007550210284534842,"w":0.9995019435882568},"size":246.3588409423828,"orthographic":false}