{"cameraMode":{"drawMode":0,"name":"Shaded","section":"Shading Mode"},"sceneLighting":true,"audioPlay":false,"sceneViewState":{"showFog":true,"showMaterialUpdate":false,"showSkybox":true,"showFlares":true,"showImageEffects":true,"showParticleSystems":true,"showVisualEffectGraphs":true,"m_FxEnabled":true},"in2DMode":false,"pivot":{"x":12.179815292358399,"y":6.578818321228027,"z":-2.7592859268188478},"rotation":{"x":0.24286748468875886,"y":-0.7226442694664002,"z":0.30851584672927859,"w":0.5688788890838623},"size":1.2606220245361329,"orthographic":false}