{"cameraMode":{"drawMode":0,"name":"Shaded","section":"Shading Mode"},"sceneLighting":true,"audioPlay":false,"sceneViewState":{"showFog":true,"showMaterialUpdate":false,"showSkybox":true,"showFlares":true,"showImageEffects":true,"showParticleSystems":true,"showVisualEffectGraphs":true,"m_FxEnabled":true},"in2DMode":false,"pivot":{"x":885.1179809570313,"y":313.5152893066406,"z":371.3156433105469},"rotation":{"x":-0.010808873921632767,"y":-0.009902294725179673,"z":0.00010679507249733433,"w":-0.9998962879180908},"size":685.003173828125,"orthographic":false}