{"cameraMode":{"drawMode":0,"name":"Shaded","section":"Shading Mode"},"sceneLighting":true,"audioPlay":false,"sceneViewState":{"showFog":true,"showMaterialUpdate":false,"showSkybox":true,"showFlares":true,"showImageEffects":true,"showParticleSystems":true,"showVisualEffectGraphs":true,"m_FxEnabled":true},"in2DMode":false,"pivot":{"x":761.7335205078125,"y":385.67657470703127,"z":141.5909423828125},"rotation":{"x":0.03748994693160057,"y":0.009908377192914486,"z":-0.00037589200655929744,"w":0.999259352684021},"size":382.7091979980469,"orthographic":false}