{"cameraMode":{"drawMode":0,"name":"Shaded","section":"Shading Mode"},"sceneLighting":false,"audioPlay":false,"sceneViewState":{"showFog":true,"showMaterialUpdate":false,"showSkybox":false,"showFlares":true,"showImageEffects":true,"showParticleSystems":true,"showVisualEffectGraphs":true,"m_FxEnabled":true},"in2DMode":false,"pivot":{"x":-1.7879951000213624,"y":0.8583921194076538,"z":0.15195441246032716},"rotation":{"x":-0.017610369250178338,"y":0.9702518582344055,"z":-0.07436931133270264,"w":-0.22973880171775819},"size":1.2522938251495362,"orthographic":false}