{"cameraMode":{"drawMode":0,"name":"Shaded","section":"Shading Mode"},"sceneLighting":false,"audioPlay":false,"sceneViewState":{"showFog":true,"showMaterialUpdate":false,"showSkybox":false,"showFlares":true,"showImageEffects":true,"showParticleSystems":true,"showVisualEffectGraphs":true,"m_FxEnabled":true},"in2DMode":false,"pivot":{"x":12.112309455871582,"y":5.311271667480469,"z":-0.9982945919036865},"rotation":{"x":-0.0001457728649256751,"y":-0.9994655847549439,"z":-0.004497623536735773,"w":0.03239213675260544},"size":1.7159053087234498,"orthographic":true}