{"cameraMode":{"drawMode":0,"name":"Shaded","section":"Shading Mode"},"sceneLighting":false,"audioPlay":false,"sceneViewState":{"showFog":true,"showMaterialUpdate":false,"showSkybox":false,"showFlares":true,"showImageEffects":true,"showParticleSystems":true,"showVisualEffectGraphs":true,"m_FxEnabled":true},"in2DMode":false,"pivot":{"x":-0.5000343918800354,"y":0.2530851364135742,"z":-0.7800096869468689},"rotation":{"x":0.01694648340344429,"y":-0.9566993713378906,"z":0.28497055172920229,"w":0.05689284950494766},"size":1.6928939819335938,"orthographic":false}