{"cameraMode":{"drawMode":0,"name":"Shaded","section":"Shading Mode"},"sceneLighting":false,"audioPlay":false,"sceneViewState":{"showFog":true,"showMaterialUpdate":false,"showSkybox":false,"showFlares":true,"showImageEffects":true,"showParticleSystems":true,"showVisualEffectGraphs":true,"m_FxEnabled":true},"in2DMode":false,"pivot":{"x":-0.7163143754005432,"y":0.7071974873542786,"z":-0.6422820091247559},"rotation":{"x":0.020855341106653215,"y":-0.9699687957763672,"z":0.22506673634052277,"w":0.0898788571357727},"size":3.1928937435150148,"orthographic":false}