{"cameraMode":{"drawMode":0,"name":"Shaded","section":"Shading Mode"},"sceneLighting":false,"audioPlay":false,"sceneViewState":{"showFog":true,"showMaterialUpdate":false,"showSkybox":false,"showFlares":true,"showImageEffects":true,"showParticleSystems":true,"showVisualEffectGraphs":true,"m_FxEnabled":true},"in2DMode":false,"pivot":{"x":-0.9949017763137817,"y":0.8379691243171692,"z":-2.8259356021881105},"rotation":{"x":-0.017610369250178338,"y":0.9702518582344055,"z":-0.07436931133270264,"w":-0.22973880171775819},"size":2.2245333194732668,"orthographic":false}