{"cameraMode":{"drawMode":0,"name":"Shaded","section":"Shading Mode"},"sceneLighting":false,"audioPlay":false,"sceneViewState":{"showFog":true,"showMaterialUpdate":false,"showSkybox":false,"showFlares":true,"showImageEffects":true,"showParticleSystems":true,"showVisualEffectGraphs":true,"m_FxEnabled":true},"in2DMode":false,"pivot":{"x":-1.6870250701904297,"y":1.83070969581604,"z":-1.8432583808898926},"rotation":{"x":0.006324045825749636,"y":-0.9802477955818176,"z":0.19513694941997529,"w":0.031768109649419788},"size":1.6245334148406983,"orthographic":false}