{"cameraMode":{"drawMode":0,"name":"Shaded","section":"Shading Mode"},"sceneLighting":false,"audioPlay":false,"sceneViewState":{"showFog":true,"showMaterialUpdate":false,"showSkybox":false,"showFlares":true,"showImageEffects":true,"showParticleSystems":true,"showVisualEffectGraphs":true,"m_FxEnabled":true},"in2DMode":false,"pivot":{"x":-0.44025540351867678,"y":0.12938857078552247,"z":-0.7746453285217285},"rotation":{"x":-0.03268792852759361,"y":0.9315634965896606,"z":-0.3515985310077667,"w":-0.08660780638456345},"size":1.5522940158843995,"orthographic":false}